,ssps,pr,mm/year
0,ssp126,0.960188415,
1,ssp245,1.517385539,
2,ssp370,1.478095981,
3,ssp585,1.988623809,
,,,
,,,
,,0.960188415,
,,1.988623809,
