,ssps,tas,decade
0,ssp126,0.180829892,
1,ssp245,0.417929546,
2,ssp370,0.742998711,
3,ssp585,0.872981737,
